,YEAR,MONTH,DAY,HOUR,TYPHOON NUMBER,TYPHOON NAME,CLASS,LAT,LON,CENTRAL PRESSURE,MAX WINDSPEED,50KT MAJORAXIS DIRECTION,50KT MAJORAXIS,50KT MINORAXIS,30KT MAJORAXIS DIRECTION,30KT MAJORAXIS,30KT MINORAXIS,LANDING,Datetime,unixtime
0,2023,4,19,0,2301,SANVU,2,3.5,159.6,1008,0,0,0,0,0,0,0,0,2023-04-19 00:00:00,1681862400
1,2023,4,19,6,2301,SANVU,2,4.3,159.1,1004,0,0,0,0,0,0,0,0,2023-04-19 06:00:00,1681884000
2,2023,4,19,12,2301,SANVU,2,5.3,158.7,1008,0,0,0,0,0,0,0,0,2023-04-19 12:00:00,1681905600
3,2023,4,19,18,2301,SANVU,2,6.9,158.0,1004,0,0,0,0,0,0,0,0,2023-04-19 18:00:00,1681927200
4,2023,4,20,0,2301,SANVU,2,8.1,157.8,1006,0,0,0,0,0,0,0,0,2023-04-20 00:00:00,1681948800
5,2023,4,20,6,2301,SANVU,2,9.1,157.1,1002,0,0,0,0,0,0,0,0,2023-04-20 06:00:00,1681970400
6,2023,4,20,12,2301,SANVU,3,9.6,156.6,1000,35,0,0,0,1,120,90,0,2023-04-20 12:00:00,1681992000
7,2023,4,20,18,2301,SANVU,3,9.9,156.3,998,40,0,0,0,1,120,90,0,2023-04-20 18:00:00,1682013600
8,2023,4,21,0,2301,SANVU,3,10.1,156.0,998,40,0,0,0,1,120,90,0,2023-04-21 00:00:00,1682035200
9,2023,4,21,6,2301,SANVU,3,10.3,155.7,996,45,0,0,0,1,120,90,0,2023-04-21 06:00:00,1682056800
10,2023,4,21,12,2301,SANVU,3,10.4,155.3,1000,40,0,0,0,1,120,90,0,2023-04-21 12:00:00,1682078400
11,2023,4,21,18,2301,SANVU,3,10.4,154.5,1002,35,0,0,0,1,120,90,0,2023-04-21 18:00:00,1682100000
12,2023,4,22,0,2301,SANVU,2,10.3,153.8,1006,0,0,0,0,0,0,0,0,2023-04-22 00:00:00,1682121600
13,2023,4,22,6,2301,SANVU,2,10.3,153.1,1004,0,0,0,0,0,0,0,0,2023-04-22 06:00:00,1682143200
14,2023,5,19,18,2302,MAWAR,2,6.1,149.6,1004,0,0,0,0,0,0,0,0,2023-05-19 18:00:00,1684519200
15,2023,5,20,0,2302,MAWAR,2,6.1,149.4,1004,0,0,0,0,0,0,0,0,2023-05-20 00:00:00,1684540800
16,2023,5,20,6,2302,MAWAR,2,6.1,149.2,1004,0,0,0,0,0,0,0,0,2023-05-20 06:00:00,1684562400
17,2023,5,20,12,2302,MAWAR,3,6.2,149.1,1000,35,0,0,0,9,180,180,0,2023-05-20 12:00:00,1684584000
18,2023,5,20,18,2302,MAWAR,3,6.6,149.0,994,45,0,0,0,9,180,180,0,2023-05-20 18:00:00,1684605600
19,2023,5,21,0,2302,MAWAR,4,7.0,148.7,992,50,0,0,0,9,180,180,0,2023-05-21 00:00:00,1684627200
20,2023,5,21,6,2302,MAWAR,4,7.3,148.4,992,50,0,0,0,9,180,180,0,2023-05-21 06:00:00,1684648800
21,2023,5,21,12,2302,MAWAR,4,7.6,147.9,990,55,9,20,20,9,180,180,0,2023-05-21 12:00:00,1684670400
22,2023,5,21,18,2302,MAWAR,5,7.9,147.6,980,65,9,20,20,9,180,180,0,2023-05-21 18:00:00,1684692000
23,2023,5,22,0,2302,MAWAR,5,8.6,147.3,980,65,9,30,30,9,180,180,0,2023-05-22 00:00:00,1684713600
24,2023,5,22,6,2302,MAWAR,5,9.2,147.1,975,70,9,30,30,9,180,180,0,2023-05-22 06:00:00,1684735200
25,2023,5,22,12,2302,MAWAR,5,9.8,146.9,970,75,9,30,30,9,180,180,0,2023-05-22 12:00:00,1684756800
26,2023,5,22,18,2302,MAWAR,5,10.5,146.9,940,95,9,65,65,9,180,180,0,2023-05-22 18:00:00,1684778400
27,2023,5,23,0,2302,MAWAR,5,11.2,146.9,940,95,9,65,65,9,180,180,0,2023-05-23 00:00:00,1684800000
28,2023,5,23,6,2302,MAWAR,5,11.8,146.5,920,105,9,80,80,9,180,180,0,2023-05-23 06:00:00,1684821600
29,2023,5,23,12,2302,MAWAR,5,12.2,146.0,920,105,9,80,80,9,180,180,0,2023-05-23 12:00:00,1684843200
30,2023,5,23,18,2302,MAWAR,5,12.5,145.7,920,105,9,80,80,9,180,180,0,2023-05-23 18:00:00,1684864800
31,2023,5,24,0,2302,MAWAR,5,13.1,145.5,935,95,9,80,80,1,180,150,0,2023-05-24 00:00:00,1684886400
32,2023,5,24,6,2302,MAWAR,5,13.6,145.2,935,95,9,80,80,1,180,150,0,2023-05-24 06:00:00,1684908000
33,2023,5,24,12,2302,MAWAR,5,13.8,144.7,935,95,9,80,80,1,180,150,0,2023-05-24 12:00:00,1684929600
34,2023,5,24,18,2302,MAWAR,5,14.1,144.1,935,95,9,80,80,1,180,150,0,2023-05-24 18:00:00,1684951200
35,2023,5,25,0,2302,MAWAR,5,14.2,143.5,925,100,9,90,90,1,240,180,0,2023-05-25 00:00:00,1684972800
36,2023,5,25,6,2302,MAWAR,5,14.6,142.8,905,110,9,100,100,1,240,180,0,2023-05-25 06:00:00,1684994400
37,2023,5,25,12,2302,MAWAR,5,14.8,141.5,900,115,9,100,100,1,270,180,0,2023-05-25 12:00:00,1685016000
38,2023,5,25,18,2302,MAWAR,5,14.9,140.4,900,115,9,100,100,1,270,180,0,2023-05-25 18:00:00,1685037600
39,2023,5,26,0,2302,MAWAR,5,15.1,139.2,900,115,9,100,100,1,270,240,0,2023-05-26 00:00:00,1685059200
40,2023,5,26,6,2302,MAWAR,5,15.4,137.9,900,115,9,100,100,1,270,240,0,2023-05-26 06:00:00,1685080800
41,2023,5,26,12,2302,MAWAR,5,15.7,136.5,900,115,9,100,100,1,300,240,0,2023-05-26 12:00:00,1685102400
42,2023,5,26,18,2302,MAWAR,5,16.0,134.9,900,115,9,100,100,1,300,240,0,2023-05-26 18:00:00,1685124000
43,2023,5,27,0,2302,MAWAR,5,16.4,133.5,910,105,1,120,100,1,375,300,0,2023-05-27 00:00:00,1685145600
44,2023,5,27,6,2302,MAWAR,5,16.6,132.2,925,95,1,130,90,1,375,300,0,2023-05-27 06:00:00,1685167200
45,2023,5,27,12,2302,MAWAR,5,16.8,130.9,945,85,1,130,90,1,375,300,0,2023-05-27 12:00:00,1685188800
46,2023,5,27,18,2302,MAWAR,5,17.1,129.7,945,85,1,130,90,1,375,300,0,2023-05-27 18:00:00,1685210400
47,2023,5,28,0,2302,MAWAR,5,17.2,128.7,945,85,1,130,90,1,425,325,0,2023-05-28 00:00:00,1685232000
48,2023,5,28,6,2302,MAWAR,5,17.6,127.9,945,85,1,120,80,1,425,325,0,2023-05-28 06:00:00,1685253600
49,2023,5,28,12,2302,MAWAR,5,18.0,127.4,945,85,2,120,80,2,425,325,0,2023-05-28 12:00:00,1685275200
50,2023,5,28,18,2302,MAWAR,5,18.6,126.7,945,85,2,120,80,2,425,325,0,2023-05-28 18:00:00,1685296800
51,2023,5,29,0,2302,MAWAR,5,19.0,126.2,945,85,2,120,80,2,425,300,0,2023-05-29 00:00:00,1685318400
52,2023,5,29,6,2302,MAWAR,5,19.4,125.8,945,85,2,120,80,2,425,300,0,2023-05-29 06:00:00,1685340000
53,2023,5,29,12,2302,MAWAR,5,19.7,125.6,945,85,3,120,80,3,400,300,0,2023-05-29 12:00:00,1685361600
54,2023,5,29,18,2302,MAWAR,5,20.1,125.4,945,85,3,120,80,3,400,300,0,2023-05-29 18:00:00,1685383200
55,2023,5,30,0,2302,MAWAR,5,20.3,125.1,950,80,3,120,80,3,400,270,0,2023-05-30 00:00:00,1685404800
56,2023,5,30,6,2302,MAWAR,5,20.6,125.0,950,80,3,120,80,3,400,270,0,2023-05-30 06:00:00,1685426400
57,2023,5,30,12,2302,MAWAR,5,20.8,125.0,955,70,3,100,70,3,375,240,0,2023-05-30 12:00:00,1685448000
58,2023,5,30,18,2302,MAWAR,5,21.2,125.0,955,70,3,100,70,3,375,240,0,2023-05-30 18:00:00,1685469600
59,2023,5,31,0,2302,MAWAR,5,21.4,125.1,955,70,3,100,70,3,375,240,0,2023-05-31 00:00:00,1685491200
60,2023,5,31,6,2302,MAWAR,5,22.2,125.3,960,65,3,100,70,3,375,240,0,2023-05-31 06:00:00,1685512800
62,2023,5,31,12,2302,MAWAR,5,22.7,125.4,960,65,3,100,60,3,375,240,0,2023-05-31 12:00:00,1685534400
64,2023,5,31,18,2302,MAWAR,4,23.6,125.6,965,60,2,90,60,3,375,240,0,2023-05-31 18:00:00,1685556000
66,2023,6,1,0,2302,MAWAR,4,24.1,125.8,970,50,0,0,0,3,350,240,0,2023-06-01 00:00:00,1685577600
68,2023,6,1,6,2302,MAWAR,4,24.9,126.1,970,50,0,0,0,3,350,240,0,2023-06-01 06:00:00,1685599200
70,2023,6,1,12,2302,MAWAR,4,25.9,127.1,970,50,0,0,0,2,325,240,0,2023-06-01 12:00:00,1685620800
72,2023,6,1,18,2302,MAWAR,4,26.9,128.1,970,50,0,0,0,2,325,240,0,2023-06-01 18:00:00,1685642400
74,2023,6,2,0,2302,MAWAR,3,27.4,129.4,975,45,0,0,0,3,325,210,0,2023-06-02 00:00:00,1685664000
75,2023,6,2,6,2302,MAWAR,3,28.2,131.0,975,45,0,0,0,3,325,210,0,2023-06-02 06:00:00,1685685600
76,2023,6,2,12,2302,MAWAR,3,28.9,132.8,980,45,0,0,0,3,300,210,0,2023-06-02 12:00:00,1685707200
77,2023,6,2,18,2302,MAWAR,3,29.7,135.2,980,45,0,0,0,3,300,210,0,2023-06-02 18:00:00,1685728800
78,2023,6,3,0,2302,MAWAR,6,30.6,137.8,984,0,0,0,0,0,0,0,0,2023-06-03 00:00:00,1685750400
79,2023,6,3,6,2302,MAWAR,6,32.4,140.8,990,0,0,0,0,0,0,0,0,2023-06-03 06:00:00,1685772000
80,2023,6,3,12,2302,MAWAR,6,33.7,144.7,996,0,0,0,0,0,0,0,0,2023-06-03 12:00:00,1685793600
81,2023,6,6,0,2303,GUCHOL,2,12.8,135.0,1004,0,0,0,0,0,0,0,0,2023-06-06 00:00:00,1686009600
82,2023,6,6,6,2303,GUCHOL,2,13.1,135.1,1002,0,0,0,0,0,0,0,0,2023-06-06 06:00:00,1686031200
83,2023,6,6,12,2303,GUCHOL,3,13.6,135.1,1000,35,0,0,0,2,180,120,0,2023-06-06 12:00:00,1686052800
84,2023,6,6,18,2303,GUCHOL,3,14.1,134.9,1000,35,0,0,0,2,180,120,0,2023-06-06 18:00:00,1686074400
85,2023,6,7,0,2303,GUCHOL,3,14.7,134.3,998,40,0,0,0,2,180,120,0,2023-06-07 00:00:00,1686096000
86,2023,6,7,6,2303,GUCHOL,3,15.0,133.8,996,40,0,0,0,2,180,120,0,2023-06-07 06:00:00,1686117600
87,2023,6,7,12,2303,GUCHOL,3,15.1,133.2,992,45,0,0,0,2,210,150,0,2023-06-07 12:00:00,1686139200
88,2023,6,7,18,2303,GUCHOL,4,15.5,132.4,990,50,0,0,0,2,210,150,0,2023-06-07 18:00:00,1686160800
89,2023,6,8,0,2303,GUCHOL,4,15.8,131.6,985,55,9,60,60,2,210,150,0,2023-06-08 00:00:00,1686182400
90,2023,6,8,6,2303,GUCHOL,4,16.0,131.1,980,60,9,60,60,2,210,150,0,2023-06-08 06:00:00,1686204000
91,2023,6,8,12,2303,GUCHOL,5,16.3,130.8,970,70,9,60,60,1,240,180,0,2023-06-08 12:00:00,1686225600
92,2023,6,8,18,2303,GUCHOL,5,16.8,130.4,965,75,9,60,60,1,240,180,0,2023-06-08 18:00:00,1686247200
93,2023,6,9,0,2303,GUCHOL,5,17.2,130.4,965,75,9,60,60,1,240,210,0,2023-06-09 00:00:00,1686268800
94,2023,6,9,6,2303,GUCHOL,5,17.8,130.1,965,75,9,60,60,1,240,210,0,2023-06-09 06:00:00,1686290400
95,2023,6,9,12,2303,GUCHOL,5,18.1,129.9,965,75,9,60,60,1,240,210,0,2023-06-09 12:00:00,1686312000
96,2023,6,9,18,2303,GUCHOL,5,18.5,129.9,960,80,9,70,70,1,240,210,0,2023-06-09 18:00:00,1686333600
97,2023,6,10,0,2303,GUCHOL,5,18.9,129.9,960,80,9,70,70,1,240,210,0,2023-06-10 00:00:00,1686355200
98,2023,6,10,6,2303,GUCHOL,5,19.9,130.2,960,80,2,80,60,2,240,180,0,2023-06-10 06:00:00,1686376800
99,2023,6,10,12,2303,GUCHOL,5,20.7,130.5,960,75,2,80,60,2,240,180,0,2023-06-10 12:00:00,1686398400
100,2023,6,10,18,2303,GUCHOL,5,21.8,131.1,965,70,2,80,60,2,240,180,0,2023-06-10 18:00:00,1686420000
101,2023,6,11,0,2303,GUCHOL,5,23.0,131.7,970,65,3,80,60,3,240,150,0,2023-06-11 00:00:00,1686441600
102,2023,6,11,6,2303,GUCHOL,4,24.2,132.6,975,60,3,80,60,3,270,150,0,2023-06-11 06:00:00,1686463200
103,2023,6,11,12,2303,GUCHOL,4,25.6,133.8,980,55,3,80,60,3,300,150,0,2023-06-11 12:00:00,1686484800
104,2023,6,11,18,2303,GUCHOL,4,26.4,135.3,980,55,3,70,50,3,300,150,0,2023-06-11 18:00:00,1686506400
105,2023,6,12,0,2303,GUCHOL,4,27.9,136.9,980,55,3,60,40,3,300,150,0,2023-06-12 00:00:00,1686528000
106,2023,6,12,6,2303,GUCHOL,4,29.5,138.1,985,50,0,0,0,3,300,150,0,2023-06-12 06:00:00,1686549600
107,2023,6,12,12,2303,GUCHOL,6,30.5,139.5,990,0,0,0,0,0,0,0,0,2023-06-12 12:00:00,1686571200
108,2023,6,12,18,2303,GUCHOL,6,32.0,142.0,990,0,0,0,0,0,0,0,0,2023-06-12 18:00:00,1686592800
109,2023,6,13,0,2303,GUCHOL,6,33.6,144.0,992,0,0,0,0,0,0,0,0,2023-06-13 00:00:00,1686614400
110,2023,6,13,6,2303,GUCHOL,6,34.5,146.4,992,0,0,0,0,0,0,0,0,2023-06-13 06:00:00,1686636000
111,2023,6,13,12,2303,GUCHOL,6,35.8,148.8,996,0,0,0,0,0,0,0,0,2023-06-13 12:00:00,1686657600
112,2023,6,13,18,2303,GUCHOL,6,38.1,152.0,996,0,0,0,0,0,0,0,0,2023-06-13 18:00:00,1686679200
113,2023,6,14,0,2303,GUCHOL,6,38.5,155.0,996,0,0,0,0,0,0,0,0,2023-06-14 00:00:00,1686700800
114,2023,6,14,6,2303,GUCHOL,6,39.1,158.5,996,0,0,0,0,0,0,0,0,2023-06-14 06:00:00,1686722400
115,2023,6,14,12,2303,GUCHOL,6,39.3,162.0,996,0,0,0,0,0,0,0,0,2023-06-14 12:00:00,1686744000
116,2023,6,14,18,2303,GUCHOL,6,39.0,166.5,998,0,0,0,0,0,0,0,0,2023-06-14 18:00:00,1686765600
117,2023,6,15,0,2303,GUCHOL,6,38.7,169.5,998,0,0,0,0,0,0,0,0,2023-06-15 00:00:00,1686787200
118,2023,6,15,6,2303,GUCHOL,6,38.9,171.0,996,0,0,0,0,0,0,0,0,2023-06-15 06:00:00,1686808800
119,2023,6,15,12,2303,GUCHOL,6,38.9,172.8,994,0,0,0,0,0,0,0,0,2023-06-15 12:00:00,1686830400
120,2023,6,15,18,2303,GUCHOL,6,39.3,174.5,990,0,0,0,0,0,0,0,0,2023-06-15 18:00:00,1686852000
121,2023,6,16,0,2303,GUCHOL,6,39.2,176.5,986,0,0,0,0,0,0,0,0,2023-06-16 00:00:00,1686873600
122,2023,6,16,6,2303,GUCHOL,6,39.6,178.1,984,0,0,0,0,0,0,0,0,2023-06-16 06:00:00,1686895200
123,2023,6,16,12,2303,GUCHOL,6,39.6,179.6,984,0,0,0,0,0,0,0,0,2023-06-16 12:00:00,1686916800
124,2023,6,16,18,2303,GUCHOL,6,39.7,180.9,986,0,0,0,0,0,0,0,0,2023-06-16 18:00:00,1686938400
125,2023,7,13,6,2304,TALIM,2,15.7,122.3,1002,0,0,0,0,0,0,0,0,2023-07-13 06:00:00,1689228000
126,2023,7,13,12,2304,TALIM,2,16.4,122.3,1002,0,0,0,0,0,0,0,0,2023-07-13 12:00:00,1689249600
127,2023,7,13,18,2304,TALIM,2,16.9,122.1,1000,0,0,0,0,0,0,0,0,2023-07-13 18:00:00,1689271200
128,2023,7,14,0,2304,TALIM,2,18.1,121.5,1000,0,0,0,0,0,0,0,0,2023-07-14 00:00:00,1689292800
129,2023,7,14,6,2304,TALIM,2,17.9,120.3,1000,0,0,0,0,0,0,0,0,2023-07-14 06:00:00,1689314400
130,2023,7,14,12,2304,TALIM,2,17.4,119.3,998,0,0,0,0,0,0,0,0,2023-07-14 12:00:00,1689336000
131,2023,7,14,18,2304,TALIM,2,17.8,118.6,996,0,0,0,0,0,0,0,0,2023-07-14 18:00:00,1689357600
132,2023,7,15,0,2304,TALIM,2,18.2,118.1,996,0,0,0,0,0,0,0,0,2023-07-15 00:00:00,1689379200
133,2023,7,15,6,2304,TALIM,3,18.2,117.8,992,35,0,0,0,3,200,180,0,2023-07-15 06:00:00,1689400800
134,2023,7,15,12,2304,TALIM,3,18.3,117.0,990,40,0,0,0,3,200,180,0,2023-07-15 12:00:00,1689422400
135,2023,7,15,18,2304,TALIM,3,18.6,116.7,985,45,0,0,0,3,200,180,0,2023-07-15 18:00:00,1689444000
136,2023,7,16,0,2304,TALIM,4,18.8,116.1,980,50,0,0,0,3,200,180,0,2023-07-16 00:00:00,1689465600
137,2023,7,16,6,2304,TALIM,4,19.2,115.3,980,50,0,0,0,3,200,180,0,2023-07-16 06:00:00,1689487200
138,2023,7,16,12,2304,TALIM,4,19.5,114.6,980,50,0,0,0,3,200,180,0,2023-07-16 12:00:00,1689508800
139,2023,7,16,18,2304,TALIM,4,19.7,113.8,975,55,9,50,50,3,240,180,0,2023-07-16 18:00:00,1689530400
140,2023,7,17,0,2304,TALIM,4,20.1,113.0,970,60,9,50,50,3,240,180,0,2023-07-17 00:00:00,1689552000
141,2023,7,17,6,2304,TALIM,4,20.7,112.1,970,60,9,50,50,3,240,180,0,2023-07-17 06:00:00,1689573600
142,2023,7,17,12,2304,TALIM,4,21.2,110.8,970,60,9,50,50,2,240,150,0,2023-07-17 12:00:00,1689595200
143,2023,7,17,18,2304,TALIM,4,21.4,109.7,975,55,9,50,50,2,240,120,0,2023-07-17 18:00:00,1689616800
144,2023,7,18,0,2304,TALIM,4,21.7,108.8,980,50,0,0,0,2,240,120,0,2023-07-18 00:00:00,1689638400
145,2023,7,18,6,2304,TALIM,3,22.4,107.5,985,45,0,0,0,9,120,120,0,2023-07-18 06:00:00,1689660000
146,2023,7,18,12,2304,TALIM,2,22.0,106.3,996,0,0,0,0,0,0,0,0,2023-07-18 12:00:00,1689681600
147,2023,7,18,18,2304,TALIM,2,22.1,105.8,1000,0,0,0,0,0,0,0,0,2023-07-18 18:00:00,1689703200
148,2023,7,20,6,2305,DOKSURI,2,12.6,133.7,1004,0,0,0,0,0,0,0,0,2023-07-20 06:00:00,1689832800
149,2023,7,20,12,2305,DOKSURI,2,13.2,133.7,1006,0,0,0,0,0,0,0,0,2023-07-20 12:00:00,1689854400
150,2023,7,20,18,2305,DOKSURI,2,13.7,133.5,1004,0,0,0,0,0,0,0,0,2023-07-20 18:00:00,1689876000
151,2023,7,21,0,2305,DOKSURI,3,13.8,133.0,1002,35,0,0,0,1,240,180,0,2023-07-21 00:00:00,1689897600
152,2023,7,21,6,2305,DOKSURI,3,13.9,132.8,1002,35,0,0,0,1,240,180,0,2023-07-21 06:00:00,1689919200
153,2023,7,21,12,2305,DOKSURI,3,14.0,132.5,1002,35,0,0,0,1,240,180,0,2023-07-21 12:00:00,1689940800
154,2023,7,21,18,2305,DOKSURI,3,14.2,132.2,1002,35,0,0,0,1,240,180,0,2023-07-21 18:00:00,1689962400
155,2023,7,22,0,2305,DOKSURI,3,14.3,131.7,998,40,0,0,0,1,240,180,0,2023-07-22 00:00:00,1689984000
156,2023,7,22,6,2305,DOKSURI,3,14.3,131.0,998,40,0,0,0,1,240,180,0,2023-07-22 06:00:00,1690005600
157,2023,7,22,12,2305,DOKSURI,3,14.4,130.3,994,45,0,0,0,1,240,180,0,2023-07-22 12:00:00,1690027200
158,2023,7,22,18,2305,DOKSURI,4,14.6,129.7,990,50,0,0,0,9,240,240,0,2023-07-22 18:00:00,1690048800
159,2023,7,23,0,2305,DOKSURI,4,14.7,129.0,985,55,9,60,60,9,240,240,0,2023-07-23 00:00:00,1690070400
160,2023,7,23,6,2305,DOKSURI,4,14.9,128.3,980,60,9,60,60,9,240,240,0,2023-07-23 06:00:00,1690092000
161,2023,7,23,12,2305,DOKSURI,4,15.0,127.8,980,60,9,60,60,9,240,240,0,2023-07-23 12:00:00,1690113600
162,2023,7,23,18,2305,DOKSURI,5,15.1,127.0,970,70,9,75,75,3,270,240,0,2023-07-23 18:00:00,1690135200
163,2023,7,24,0,2305,DOKSURI,5,15.2,126.6,965,75,9,75,75,3,270,240,0,2023-07-24 00:00:00,1690156800
164,2023,7,24,6,2305,DOKSURI,5,15.7,126.3,950,85,9,75,75,3,300,270,0,2023-07-24 06:00:00,1690178400
165,2023,7,24,12,2305,DOKSURI,5,16.5,125.8,940,90,9,90,90,3,300,270,0,2023-07-24 12:00:00,1690200000
166,2023,7,24,18,2305,DOKSURI,5,16.9,125.1,925,100,9,100,100,3,300,270,0,2023-07-24 18:00:00,1690221600
167,2023,7,25,0,2305,DOKSURI,5,17.6,124.6,925,100,9,100,100,3,350,300,0,2023-07-25 00:00:00,1690243200
168,2023,7,25,6,2305,DOKSURI,5,18.3,123.7,925,100,9,100,100,3,350,300,0,2023-07-25 06:00:00,1690264800
169,2023,7,25,12,2305,DOKSURI,5,18.9,122.7,925,100,9,100,100,3,350,300,0,2023-07-25 12:00:00,1690286400
170,2023,7,25,18,2305,DOKSURI,5,19.0,121.6,925,100,9,100,100,3,350,300,0,2023-07-25 18:00:00,1690308000
171,2023,7,26,0,2305,DOKSURI,5,18.9,121.4,940,90,9,90,90,2,350,300,0,2023-07-26 00:00:00,1690329600
172,2023,7,26,6,2305,DOKSURI,5,19.3,121.0,950,85,9,90,90,2,350,300,0,2023-07-26 06:00:00,1690351200
173,2023,7,26,12,2305,DOKSURI,5,19.5,120.6,955,80,9,70,70,2,325,240,0,2023-07-26 12:00:00,1690372800
174,2023,7,26,18,2305,DOKSURI,5,20.0,120.0,955,80,9,70,70,2,325,240,0,2023-07-26 18:00:00,1690394400
175,2023,7,27,0,2305,DOKSURI,5,20.7,119.8,955,75,9,60,60,1,325,240,0,2023-07-27 00:00:00,1690416000
176,2023,7,27,6,2305,DOKSURI,5,21.1,119.3,955,75,9,60,60,1,325,240,0,2023-07-27 06:00:00,1690437600
177,2023,7,27,12,2305,DOKSURI,5,21.8,119.1,955,80,9,60,60,1,325,240,0,2023-07-27 12:00:00,1690459200
178,2023,7,27,18,2305,DOKSURI,5,22.8,118.9,955,80,9,60,60,1,375,240,0,2023-07-27 18:00:00,1690480800
179,2023,7,28,0,2305,DOKSURI,5,24.2,118.8,965,70,9,60,60,1,375,240,0,2023-07-28 00:00:00,1690502400
180,2023,7,28,6,2305,DOKSURI,4,25.3,118.3,985,50,0,0,0,1,350,240,0,2023-07-28 06:00:00,1690524000
181,2023,7,28,12,2305,DOKSURI,3,27.1,117.9,994,40,0,0,0,9,240,240,0,2023-07-28 12:00:00,1690545600
182,2023,7,28,18,2305,DOKSURI,3,28.9,117.0,996,35,0,0,0,9,120,120,0,2023-07-28 18:00:00,1690567200
183,2023,7,29,0,2305,DOKSURI,2,30.6,115.1,998,0,0,0,0,0,0,0,0,2023-07-29 00:00:00,1690588800
184,2023,7,29,6,2305,DOKSURI,2,31.9,114.7,998,0,0,0,0,0,0,0,0,2023-07-29 06:00:00,1690610400
185,2023,7,29,12,2305,DOKSURI,2,33.0,114.5,998,0,0,0,0,0,0,0,0,2023-07-29 12:00:00,1690632000
186,2023,7,29,18,2305,DOKSURI,2,33.8,114.4,998,0,0,0,0,0,0,0,0,2023-07-29 18:00:00,1690653600
187,2023,7,30,0,2305,DOKSURI,2,35.4,114.0,1000,0,0,0,0,0,0,0,0,2023-07-30 00:00:00,1690675200
188,2023,7,30,6,2305,DOKSURI,2,36.1,113.7,1000,0,0,0,0,0,0,0,0,2023-07-30 06:00:00,1690696800
189,2023,7,30,12,2305,DOKSURI,2,36.7,113.5,1000,0,0,0,0,0,0,0,0,2023-07-30 12:00:00,1690718400
190,2023,7,26,18,2306,KHANUN,2,10.5,138.1,1006,0,0,0,0,0,0,0,0,2023-07-26 18:00:00,1690394400
191,2023,7,27,0,2306,KHANUN,2,10.9,137.7,1006,0,0,0,0,0,0,0,0,2023-07-27 00:00:00,1690416000
192,2023,7,27,6,2306,KHANUN,2,11.2,137.2,1004,0,0,0,0,0,0,0,0,2023-07-27 06:00:00,1690437600
193,2023,7,27,12,2306,KHANUN,2,11.6,136.9,1004,0,0,0,0,0,0,0,0,2023-07-27 12:00:00,1690459200
194,2023,7,27,18,2306,KHANUN,2,12.2,136.6,1002,0,0,0,0,0,0,0,0,2023-07-27 18:00:00,1690480800
195,2023,7,28,0,2306,KHANUN,3,12.8,136.3,1000,35,0,0,0,4,350,270,0,2023-07-28 00:00:00,1690502400
196,2023,7,28,6,2306,KHANUN,3,13.5,135.9,998,35,0,0,0,4,350,270,0,2023-07-28 06:00:00,1690524000
197,2023,7,28,12,2306,KHANUN,3,14.1,135.5,998,35,0,0,0,4,350,300,0,2023-07-28 12:00:00,1690545600
198,2023,7,28,18,2306,KHANUN,3,14.9,134.7,996,40,0,0,0,9,350,350,0,2023-07-28 18:00:00,1690567200
199,2023,7,29,0,2306,KHANUN,3,15.6,134.1,996,40,0,0,0,9,350,350,0,2023-07-29 00:00:00,1690588800
200,2023,7,29,6,2306,KHANUN,3,16.1,133.8,992,45,0,0,0,9,350,350,0,2023-07-29 06:00:00,1690610400
201,2023,7,29,12,2306,KHANUN,4,16.8,133.6,985,50,0,0,0,9,350,350,0,2023-07-29 12:00:00,1690632000
202,2023,7,29,18,2306,KHANUN,4,17.6,133.1,980,55,9,70,70,9,350,350,0,2023-07-29 18:00:00,1690653600
203,2023,7,30,0,2306,KHANUN,5,18.4,132.9,970,65,9,70,70,9,350,350,0,2023-07-30 00:00:00,1690675200
204,2023,7,30,6,2306,KHANUN,5,19.6,132.7,965,70,9,70,70,9,350,350,0,2023-07-30 06:00:00,1690696800
205,2023,7,30,12,2306,KHANUN,5,20.3,132.4,960,75,9,70,70,9,350,350,0,2023-07-30 12:00:00,1690718400
206,2023,7,30,18,2306,KHANUN,5,21.1,132.1,950,80,9,90,90,9,350,350,0,2023-07-30 18:00:00,1690740000
208,2023,7,31,0,2306,KHANUN,5,22.0,132.0,945,85,9,100,100,9,325,325,0,2023-07-31 00:00:00,1690761600
210,2023,7,31,6,2306,KHANUN,5,22.8,131.6,945,85,9,100,100,9,325,325,0,2023-07-31 06:00:00,1690783200
212,2023,7,31,12,2306,KHANUN,5,23.4,131.1,935,90,9,120,120,9,325,325,0,2023-07-31 12:00:00,1690804800
214,2023,7,31,18,2306,KHANUN,5,24.1,130.3,935,90,9,120,120,9,325,325,0,2023-07-31 18:00:00,1690826400
216,2023,8,1,0,2306,KHANUN,5,24.6,129.4,930,95,2,150,120,2,325,270,0,2023-08-01 00:00:00,1690848000
218,2023,8,1,6,2306,KHANUN,5,25.0,128.7,930,95,2,150,120,2,325,270,0,2023-08-01 06:00:00,1690869600
220,2023,8,1,12,2306,KHANUN,5,25.3,128.0,930,95,2,150,120,2,325,270,0,2023-08-01 12:00:00,1690891200
222,2023,8,1,18,2306,KHANUN,5,25.5,127.4,935,90,9,120,120,3,350,270,0,2023-08-01 18:00:00,1690912800
224,2023,8,2,0,2306,KHANUN,5,25.7,126.9,935,90,9,120,120,3,350,270,0,2023-08-02 00:00:00,1690934400
226,2023,8,2,6,2306,KHANUN,5,26.1,126.1,935,90,9,120,120,3,350,270,0,2023-08-02 06:00:00,1690956000
228,2023,8,2,12,2306,KHANUN,5,26.2,125.6,935,90,9,120,120,3,350,270,0,2023-08-02 12:00:00,1690977600
230,2023,8,2,18,2306,KHANUN,5,26.5,125.0,935,90,9,120,120,3,350,270,0,2023-08-02 18:00:00,1690999200
232,2023,8,3,0,2306,KHANUN,5,26.6,124.7,940,85,2,120,90,4,400,240,0,2023-08-03 00:00:00,1691020800
234,2023,8,3,6,2306,KHANUN,5,26.6,124.2,945,80,2,120,90,4,400,240,0,2023-08-03 06:00:00,1691042400
236,2023,8,3,12,2306,KHANUN,5,26.6,124.2,960,70,2,120,90,4,400,240,0,2023-08-03 12:00:00,1691064000
238,2023,8,3,18,2306,KHANUN,5,26.8,124.3,965,65,2,120,90,4,400,240,0,2023-08-03 18:00:00,1691085600
240,2023,8,4,0,2306,KHANUN,4,27.0,124.5,970,60,3,120,90,4,350,240,0,2023-08-04 00:00:00,1691107200
242,2023,8,4,6,2306,KHANUN,4,27.2,125.1,970,60,3,120,90,4,350,240,0,2023-08-04 06:00:00,1691128800
244,2023,8,4,12,2306,KHANUN,4,27.5,125.7,970,60,3,120,90,4,350,240,0,2023-08-04 12:00:00,1691150400
246,2023,8,4,18,2306,KHANUN,4,27.7,126.4,970,55,3,120,90,4,300,210,0,2023-08-04 18:00:00,1691172000
248,2023,8,5,0,2306,KHANUN,4,27.7,126.8,970,55,3,120,90,3,300,210,0,2023-08-05 00:00:00,1691193600
250,2023,8,5,6,2306,KHANUN,4,27.8,127.6,970,50,0,0,0,3,270,210,0,2023-08-05 06:00:00,1691215200
252,2023,8,5,12,2306,KHANUN,4,27.8,128.4,970,50,0,0,0,3,270,210,0,2023-08-05 12:00:00,1691236800
254,2023,8,5,18,2306,KHANUN,4,28.0,128.9,970,50,0,0,0,3,270,210,0,2023-08-05 18:00:00,1691258400
256,2023,8,6,0,2306,KHANUN,4,27.8,129.5,970,50,0,0,0,4,240,210,0,2023-08-06 00:00:00,1691280000
258,2023,8,6,6,2306,KHANUN,4,27.8,129.9,970,50,0,0,0,4,240,210,0,2023-08-06 06:00:00,1691301600
260,2023,8,6,12,2306,KHANUN,4,27.4,130.4,970,50,0,0,0,4,240,210,0,2023-08-06 12:00:00,1691323200
262,2023,8,6,18,2306,KHANUN,4,27.5,130.9,970,50,0,0,0,3,240,210,0,2023-08-06 18:00:00,1691344800
264,2023,8,7,0,2306,KHANUN,4,27.8,131.2,970,50,0,0,0,3,240,210,0,2023-08-07 00:00:00,1691366400
266,2023,8,7,6,2306,KHANUN,4,27.9,131.1,970,50,0,0,0,3,240,210,0,2023-08-07 06:00:00,1691388000
268,2023,8,7,12,2306,KHANUN,3,28.2,131.1,975,45,0,0,0,3,240,210,0,2023-08-07 12:00:00,1691409600
270,2023,8,7,18,2306,KHANUN,3,28.4,131.1,975,45,0,0,0,3,240,210,0,2023-08-07 18:00:00,1691431200
272,2023,8,8,0,2306,KHANUN,3,28.9,131.0,975,45,0,0,0,3,240,210,0,2023-08-08 00:00:00,1691452800
274,2023,8,8,6,2306,KHANUN,4,29.4,130.7,970,50,0,0,0,3,240,210,0,2023-08-08 06:00:00,1691474400
276,2023,8,8,12,2306,KHANUN,4,29.9,130.4,970,50,0,0,0,2,240,210,0,2023-08-08 12:00:00,1691496000
278,2023,8,8,18,2306,KHANUN,4,30.4,129.7,970,50,0,0,0,2,240,210,0,2023-08-08 18:00:00,1691517600
280,2023,8,9,0,2306,KHANUN,4,30.9,129.3,970,50,0,0,0,2,240,210,0,2023-08-09 00:00:00,1691539200
282,2023,8,9,6,2306,KHANUN,4,31.6,128.9,970,50,0,0,0,2,240,210,0,2023-08-09 06:00:00,1691560800
284,2023,8,9,12,2306,KHANUN,4,32.4,128.8,975,50,0,0,0,2,270,180,0,2023-08-09 12:00:00,1691582400
286,2023,8,9,18,2306,KHANUN,4,33.4,128.6,975,50,0,0,0,2,270,180,0,2023-08-09 18:00:00,1691604000
288,2023,8,10,0,2306,KHANUN,3,34.8,128.7,980,45,0,0,0,2,270,180,0,2023-08-10 00:00:00,1691625600
289,2023,8,10,6,2306,KHANUN,6,36.6,128.1,986,0,0,0,0,0,0,0,0,2023-08-10 06:00:00,1691647200
290,2023,8,10,12,2306,KHANUN,6,38.0,128.3,992,0,0,0,0,0,0,0,0,2023-08-10 12:00:00,1691668800
291,2023,8,10,18,2306,KHANUN,6,38.4,126.5,994,0,0,0,0,0,0,0,0,2023-08-10 18:00:00,1691690400
292,2023,8,11,0,2306,KHANUN,6,38.7,125.9,996,0,0,0,0,0,0,0,0,2023-08-11 00:00:00,1691712000
293,2023,8,11,6,2306,KHANUN,6,39.2,124.9,996,0,0,0,0,0,0,0,0,2023-08-11 06:00:00,1691733600
294,2023,8,11,12,2306,KHANUN,6,38.8,124.0,998,0,0,0,0,0,0,0,0,2023-08-11 12:00:00,1691755200
295,2023,8,11,18,2306,KHANUN,6,37.6,124.9,1002,0,0,0,0,0,0,0,0,2023-08-11 18:00:00,1691776800
296,2023,8,7,0,2307,LAN,2,22.5,149.0,1004,0,0,0,0,0,0,0,0,2023-08-07 00:00:00,1691366400
297,2023,8,7,6,2307,LAN,2,22.8,149.4,1002,0,0,0,0,0,0,0,0,2023-08-07 06:00:00,1691388000
298,2023,8,7,12,2307,LAN,2,23.1,149.8,1004,0,0,0,0,0,0,0,0,2023-08-07 12:00:00,1691409600
299,2023,8,7,18,2307,LAN,2,23.6,149.9,1002,0,0,0,0,0,0,0,0,2023-08-07 18:00:00,1691431200
300,2023,8,8,0,2307,LAN,3,23.9,149.4,1000,35,0,0,0,9,150,150,0,2023-08-08 00:00:00,1691452800
301,2023,8,8,6,2307,LAN,3,24.2,148.8,996,40,0,0,0,9,150,150,0,2023-08-08 06:00:00,1691474400
302,2023,8,8,12,2307,LAN,3,24.4,148.3,992,45,0,0,0,9,150,150,0,2023-08-08 12:00:00,1691496000
303,2023,8,8,18,2307,LAN,3,24.4,147.6,992,45,0,0,0,9,150,150,0,2023-08-08 18:00:00,1691517600
304,2023,8,9,0,2307,LAN,4,24.3,146.9,990,50,0,0,0,9,150,150,0,2023-08-09 00:00:00,1691539200
305,2023,8,9,6,2307,LAN,4,24.6,146.1,985,50,0,0,0,1,180,100,0,2023-08-09 06:00:00,1691560800
306,2023,8,9,12,2307,LAN,4,24.8,145.4,980,55,9,50,50,1,180,100,0,2023-08-09 12:00:00,1691582400
307,2023,8,9,18,2307,LAN,4,25.0,144.7,975,60,9,60,60,1,180,100,0,2023-08-09 18:00:00,1691604000
308,2023,8,10,0,2307,LAN,5,25.2,143.9,970,65,9,70,70,1,180,100,0,2023-08-10 00:00:00,1691625600
309,2023,8,10,6,2307,LAN,5,25.5,143.5,960,75,9,70,70,1,180,100,0,2023-08-10 06:00:00,1691647200
311,2023,8,10,12,2307,LAN,5,26.0,143.2,950,85,9,70,70,1,150,120,0,2023-08-10 12:00:00,1691668800
313,2023,8,10,18,2307,LAN,5,26.4,142.9,940,90,9,70,70,1,150,120,0,2023-08-10 18:00:00,1691690400
315,2023,8,11,0,2307,LAN,5,26.9,142.9,940,90,9,70,70,1,150,120,0,2023-08-11 00:00:00,1691712000
317,2023,8,11,6,2307,LAN,5,27.4,142.9,940,90,9,70,70,1,150,120,0,2023-08-11 06:00:00,1691733600
319,2023,8,11,12,2307,LAN,5,27.9,142.6,940,90,9,70,70,1,150,120,0,2023-08-11 12:00:00,1691755200
321,2023,8,11,18,2307,LAN,5,28.2,142.4,950,85,9,60,60,1,150,120,0,2023-08-11 18:00:00,1691776800
322,2023,8,12,0,2307,LAN,5,28.6,141.9,950,85,9,70,70,1,150,120,0,2023-08-12 00:00:00,1691798400
323,2023,8,12,6,2307,LAN,5,28.9,141.4,950,85,9,70,70,1,150,120,0,2023-08-12 06:00:00,1691820000
324,2023,8,12,12,2307,LAN,5,29.1,140.7,955,80,9,60,60,2,180,120,0,2023-08-12 12:00:00,1691841600
325,2023,8,12,18,2307,LAN,5,29.3,140.0,965,75,9,60,60,2,180,120,0,2023-08-12 18:00:00,1691863200
326,2023,8,13,0,2307,LAN,5,29.8,139.6,965,75,9,60,60,2,180,120,0,2023-08-13 00:00:00,1691884800
327,2023,8,13,6,2307,LAN,5,30.3,138.9,965,75,9,60,60,2,180,120,0,2023-08-13 06:00:00,1691906400
328,2023,8,13,12,2307,LAN,5,30.7,138.6,965,75,9,60,60,2,180,120,0,2023-08-13 12:00:00,1691928000
329,2023,8,13,18,2307,LAN,5,31.2,138.1,970,70,9,60,60,2,180,150,0,2023-08-13 18:00:00,1691949600
330,2023,8,14,0,2307,LAN,5,31.8,137.5,970,70,9,70,70,2,180,150,0,2023-08-14 00:00:00,1691971200
332,2023,8,14,6,2307,LAN,5,32.3,136.9,970,65,9,70,70,2,180,150,0,2023-08-14 06:00:00,1691992800
334,2023,8,14,12,2307,LAN,4,32.8,136.6,975,60,9,70,70,2,150,120,0,2023-08-14 12:00:00,1692014400
336,2023,8,14,18,2307,LAN,4,33.3,136.0,975,60,9,70,70,2,150,120,0,2023-08-14 18:00:00,1692036000
339,2023,8,15,0,2307,LAN,4,34.1,135.3,980,55,9,70,70,2,150,120,0,2023-08-15 00:00:00,1692057600
342,2023,8,15,6,2307,LAN,4,35.1,134.9,985,50,0,0,0,2,150,120,0,2023-08-15 06:00:00,1692079200
344,2023,8,15,12,2307,LAN,3,36.0,134.7,990,45,0,0,0,2,150,120,0,2023-08-15 12:00:00,1692100800
345,2023,8,15,18,2307,LAN,3,37.0,134.8,990,40,0,0,0,2,120,90,0,2023-08-15 18:00:00,1692122400
346,2023,8,16,0,2307,LAN,3,38.2,135.5,990,40,0,0,0,2,120,90,0,2023-08-16 00:00:00,1692144000
347,2023,8,16,6,2307,LAN,3,39.7,136.1,990,40,0,0,0,2,120,90,0,2023-08-16 06:00:00,1692165600
348,2023,8,16,12,2307,LAN,3,40.6,136.6,990,40,0,0,0,9,120,120,0,2023-08-16 12:00:00,1692187200
349,2023,8,16,18,2307,LAN,3,42.0,137.7,990,40,0,0,0,9,120,120,0,2023-08-16 18:00:00,1692208800
350,2023,8,17,0,2307,LAN,3,44.2,138.4,990,40,0,0,0,9,120,120,0,2023-08-17 00:00:00,1692230400
351,2023,8,17,6,2307,LAN,6,44.8,139.4,990,0,0,0,0,0,0,0,0,2023-08-17 06:00:00,1692252000
352,2023,8,17,12,2307,LAN,6,45.8,141.1,992,0,0,0,0,0,0,0,0,2023-08-17 12:00:00,1692273600
353,2023,8,17,18,2307,LAN,6,46.9,144.2,992,0,0,0,0,0,0,0,0,2023-08-17 18:00:00,1692295200
354,2023,8,18,0,2307,LAN,6,47.8,147.5,994,0,0,0,0,0,0,0,0,2023-08-18 00:00:00,1692316800
355,2023,8,18,6,2307,LAN,6,48.5,150.6,998,0,0,0,0,0,0,0,0,2023-08-18 06:00:00,1692338400
356,2023,8,18,12,2307,LAN,6,49.2,154.3,1000,0,0,0,0,0,0,0,0,2023-08-18 12:00:00,1692360000
357,2023,8,12,0,2308,DORA,7,15.6,180.1,975,80,9,30,30,8,90,60,0,2023-08-12 00:00:00,1691798400
358,2023,8,12,6,2308,DORA,5,16.3,179.1,980,75,9,30,30,8,90,60,0,2023-08-12 06:00:00,1691820000
359,2023,8,12,12,2308,DORA,5,17.0,178.0,980,75,9,30,30,8,90,60,0,2023-08-12 12:00:00,1691841600
360,2023,8,12,18,2308,DORA,5,17.8,176.9,980,75,9,30,30,8,90,60,0,2023-08-12 18:00:00,1691863200
361,2023,8,13,0,2308,DORA,5,18.1,175.4,985,70,9,20,20,8,90,60,0,2023-08-13 00:00:00,1691884800
362,2023,8,13,6,2308,DORA,5,18.1,174.1,990,65,9,20,20,8,90,60,0,2023-08-13 06:00:00,1691906400
363,2023,8,13,12,2308,DORA,4,18.1,172.7,994,55,9,20,20,8,90,60,0,2023-08-13 12:00:00,1691928000
364,2023,8,13,18,2308,DORA,4,18.3,171.4,998,50,0,0,0,8,90,60,0,2023-08-13 18:00:00,1691949600
365,2023,8,14,0,2308,DORA,3,18.7,170.2,1000,45,0,0,0,8,90,60,0,2023-08-14 00:00:00,1691971200
366,2023,8,14,6,2308,DORA,3,19.3,169.2,1000,45,0,0,0,8,90,60,0,2023-08-14 06:00:00,1691992800
367,2023,8,14,12,2308,DORA,3,19.8,168.6,1000,45,0,0,0,8,90,60,0,2023-08-14 12:00:00,1692014400
368,2023,8,14,18,2308,DORA,3,20.2,168.2,1004,35,0,0,0,8,90,60,0,2023-08-14 18:00:00,1692036000
369,2023,8,15,0,2308,DORA,2,20.6,167.9,1006,0,0,0,0,0,0,0,0,2023-08-15 00:00:00,1692057600
370,2023,8,15,6,2308,DORA,2,21.5,167.8,1006,0,0,0,0,0,0,0,0,2023-08-15 06:00:00,1692079200
371,2023,8,15,12,2308,DORA,2,22.6,168.2,1010,0,0,0,0,0,0,0,0,2023-08-15 12:00:00,1692100800
372,2023,8,15,18,2308,DORA,2,23.5,168.2,1010,0,0,0,0,0,0,0,0,2023-08-15 18:00:00,1692122400
373,2023,8,16,0,2308,DORA,2,24.1,168.3,1010,0,0,0,0,0,0,0,0,2023-08-16 00:00:00,1692144000
374,2023,8,16,6,2308,DORA,2,25.4,168.7,1010,0,0,0,0,0,0,0,0,2023-08-16 06:00:00,1692165600
375,2023,8,16,12,2308,DORA,2,26.9,168.7,1010,0,0,0,0,0,0,0,0,2023-08-16 12:00:00,1692187200
376,2023,8,16,18,2308,DORA,2,27.9,168.5,1010,0,0,0,0,0,0,0,0,2023-08-16 18:00:00,1692208800
377,2023,8,17,0,2308,DORA,2,29.0,168.2,1012,0,0,0,0,0,0,0,0,2023-08-17 00:00:00,1692230400
378,2023,8,17,6,2308,DORA,2,29.8,167.7,1010,0,0,0,0,0,0,0,0,2023-08-17 06:00:00,1692252000
379,2023,8,17,12,2308,DORA,2,30.5,167.2,1012,0,0,0,0,0,0,0,0,2023-08-17 12:00:00,1692273600
380,2023,8,17,18,2308,DORA,2,31.2,166.6,1010,0,0,0,0,0,0,0,0,2023-08-17 18:00:00,1692295200
381,2023,8,18,0,2308,DORA,2,31.6,166.2,1012,0,0,0,0,0,0,0,0,2023-08-18 00:00:00,1692316800
382,2023,8,18,6,2308,DORA,2,31.9,165.9,1012,0,0,0,0,0,0,0,0,2023-08-18 06:00:00,1692338400
383,2023,8,18,12,2308,DORA,2,32.1,166.2,1012,0,0,0,0,0,0,0,0,2023-08-18 12:00:00,1692360000
384,2023,8,18,18,2308,DORA,2,32.5,166.9,1012,0,0,0,0,0,0,0,0,2023-08-18 18:00:00,1692381600
385,2023,8,19,0,2308,DORA,2,32.9,167.4,1012,0,0,0,0,0,0,0,0,2023-08-19 00:00:00,1692403200
386,2023,8,19,6,2308,DORA,2,33.2,168.0,1012,0,0,0,0,0,0,0,0,2023-08-19 06:00:00,1692424800
387,2023,8,19,12,2308,DORA,2,33.2,168.7,1012,0,0,0,0,0,0,0,0,2023-08-19 12:00:00,1692446400
388,2023,8,19,18,2308,DORA,2,33.1,169.4,1012,0,0,0,0,0,0,0,0,2023-08-19 18:00:00,1692468000
389,2023,8,20,0,2308,DORA,2,32.9,170.4,1012,0,0,0,0,0,0,0,0,2023-08-20 00:00:00,1692489600
390,2023,8,20,6,2308,DORA,2,32.5,171.6,1010,0,0,0,0,0,0,0,0,2023-08-20 06:00:00,1692511200
391,2023,8,20,12,2308,DORA,2,32.4,172.7,1010,0,0,0,0,0,0,0,0,2023-08-20 12:00:00,1692532800
392,2023,8,20,18,2308,DORA,2,32.6,173.9,1008,0,0,0,0,0,0,0,0,2023-08-20 18:00:00,1692554400
393,2023,8,21,0,2308,DORA,2,33.0,174.9,1008,0,0,0,0,0,0,0,0,2023-08-21 00:00:00,1692576000
394,2023,8,21,6,2308,DORA,2,33.5,175.7,1008,0,0,0,0,0,0,0,0,2023-08-21 06:00:00,1692597600
395,2023,8,21,12,2308,DORA,6,34.3,177.1,1010,0,0,0,0,0,0,0,0,2023-08-21 12:00:00,1692619200
396,2023,8,21,18,2308,DORA,6,35.2,178.3,1010,0,0,0,0,0,0,0,0,2023-08-21 18:00:00,1692640800
397,2023,8,22,0,2308,DORA,6,36.2,179.6,1008,0,0,0,0,0,0,0,0,2023-08-22 00:00:00,1692662400
398,2023,8,22,6,2308,DORA,6,37.0,181.2,1008,0,0,0,0,0,0,0,0,2023-08-22 06:00:00,1692684000
399,2023,8,22,0,2309,SAOLA,2,18.8,128.3,1006,0,0,0,0,0,0,0,0,2023-08-22 00:00:00,1692662400
400,2023,8,22,6,2309,SAOLA,2,18.6,127.5,1004,0,0,0,0,0,0,0,0,2023-08-22 06:00:00,1692684000
401,2023,8,22,12,2309,SAOLA,2,18.5,126.8,1004,0,0,0,0,0,0,0,0,2023-08-22 12:00:00,1692705600
402,2023,8,22,18,2309,SAOLA,2,18.5,126.5,1004,0,0,0,0,0,0,0,0,2023-08-22 18:00:00,1692727200
403,2023,8,23,0,2309,SAOLA,2,18.5,126.2,1006,0,0,0,0,0,0,0,0,2023-08-23 00:00:00,1692748800
404,2023,8,23,6,2309,SAOLA,2,18.6,125.9,1004,0,0,0,0,0,0,0,0,2023-08-23 06:00:00,1692770400
405,2023,8,23,12,2309,SAOLA,2,18.8,125.6,1006,0,0,0,0,0,0,0,0,2023-08-23 12:00:00,1692792000
406,2023,8,23,18,2309,SAOLA,2,19.5,125.3,1004,0,0,0,0,0,0,0,0,2023-08-23 18:00:00,1692813600
407,2023,8,24,0,2309,SAOLA,2,20.0,125.1,1006,0,0,0,0,0,0,0,0,2023-08-24 00:00:00,1692835200
408,2023,8,24,6,2309,SAOLA,3,20.5,124.8,1002,35,0,0,0,3,150,90,0,2023-08-24 06:00:00,1692856800
409,2023,8,24,12,2309,SAOLA,3,20.2,124.5,1002,35,0,0,0,3,150,90,0,2023-08-24 12:00:00,1692878400
410,2023,8,24,18,2309,SAOLA,3,20.1,124.3,1000,40,0,0,0,3,150,90,0,2023-08-24 18:00:00,1692900000
411,2023,8,25,0,2309,SAOLA,3,19.9,124.0,998,45,0,0,0,3,150,90,0,2023-08-25 00:00:00,1692921600
412,2023,8,25,6,2309,SAOLA,4,19.8,123.8,994,50,0,0,0,3,150,90,0,2023-08-25 06:00:00,1692943200
413,2023,8,25,12,2309,SAOLA,5,19.6,123.6,980,65,9,30,30,3,150,90,0,2023-08-25 12:00:00,1692964800
414,2023,8,25,18,2309,SAOLA,5,19.2,123.4,975,70,9,40,40,3,150,90,0,2023-08-25 18:00:00,1692986400
415,2023,8,26,0,2309,SAOLA,5,18.5,123.2,970,75,9,40,40,3,150,90,0,2023-08-26 00:00:00,1693008000
416,2023,8,26,6,2309,SAOLA,5,18.0,123.2,955,85,9,50,50,3,150,90,0,2023-08-26 06:00:00,1693029600
417,2023,8,26,12,2309,SAOLA,5,17.6,123.0,950,90,9,50,50,3,150,90,0,2023-08-26 12:00:00,1693051200
418,2023,8,26,18,2309,SAOLA,5,17.2,122.9,940,95,9,50,50,3,150,90,0,2023-08-26 18:00:00,1693072800
419,2023,8,27,0,2309,SAOLA,5,16.8,122.9,940,95,9,50,50,3,150,90,0,2023-08-27 00:00:00,1693094400
420,2023,8,27,6,2309,SAOLA,5,16.5,123.0,940,95,9,50,50,3,150,90,0,2023-08-27 06:00:00,1693116000
421,2023,8,27,12,2309,SAOLA,5,16.2,123.2,940,95,9,50,50,3,150,90,0,2023-08-27 12:00:00,1693137600
422,2023,8,27,18,2309,SAOLA,5,16.0,123.7,955,85,9,40,40,3,150,90,0,2023-08-27 18:00:00,1693159200
423,2023,8,28,0,2309,SAOLA,5,16.8,124.4,960,80,9,40,40,3,150,90,0,2023-08-28 00:00:00,1693180800
424,2023,8,28,6,2309,SAOLA,5,17.5,124.2,955,85,9,40,40,9,120,120,0,2023-08-28 06:00:00,1693202400
425,2023,8,28,12,2309,SAOLA,5,17.9,124.0,955,85,9,40,40,9,120,120,0,2023-08-28 12:00:00,1693224000
426,2023,8,28,18,2309,SAOLA,5,18.3,123.8,955,85,9,40,40,9,120,120,0,2023-08-28 18:00:00,1693245600
427,2023,8,29,0,2309,SAOLA,5,18.5,123.5,955,85,9,40,40,9,120,120,0,2023-08-29 00:00:00,1693267200
428,2023,8,29,6,2309,SAOLA,5,18.9,123.1,950,90,9,40,40,9,120,120,0,2023-08-29 06:00:00,1693288800
429,2023,8,29,12,2309,SAOLA,5,19.3,122.7,940,95,9,50,50,7,150,120,0,2023-08-29 12:00:00,1693310400
430,2023,8,29,18,2309,SAOLA,5,19.9,121.9,935,100,9,50,50,7,150,120,0,2023-08-29 18:00:00,1693332000
431,2023,8,30,0,2309,SAOLA,5,20.1,121.0,920,105,9,50,50,7,150,120,0,2023-08-30 00:00:00,1693353600
432,2023,8,30,6,2309,SAOLA,5,20.4,120.3,920,105,9,50,50,7,150,120,0,2023-08-30 06:00:00,1693375200
433,2023,8,30,12,2309,SAOLA,5,20.7,119.6,920,105,9,50,50,8,150,120,0,2023-08-30 12:00:00,1693396800
434,2023,8,30,18,2309,SAOLA,5,20.9,118.7,920,105,9,50,50,8,150,120,0,2023-08-30 18:00:00,1693418400
435,2023,8,31,0,2309,SAOLA,5,21.1,118.2,920,105,9,50,50,1,150,120,0,2023-08-31 00:00:00,1693440000
436,2023,8,31,6,2309,SAOLA,5,21.2,117.8,920,105,9,50,50,1,150,120,0,2023-08-31 06:00:00,1693461600
437,2023,8,31,12,2309,SAOLA,5,21.5,117.3,935,100,9,50,50,1,150,120,0,2023-08-31 12:00:00,1693483200
438,2023,8,31,18,2309,SAOLA,5,21.6,116.8,940,95,9,50,50,1,150,120,0,2023-08-31 18:00:00,1693504800
439,2023,9,1,0,2309,SAOLA,5,21.9,116.2,940,95,9,50,50,1,150,120,0,2023-09-01 00:00:00,1693526400
440,2023,9,1,6,2309,SAOLA,5,22.0,115.4,940,95,9,50,50,9,120,120,0,2023-09-01 06:00:00,1693548000
441,2023,9,1,12,2309,SAOLA,5,22.0,114.4,950,85,9,50,50,9,90,90,0,2023-09-01 12:00:00,1693569600
442,2023,9,1,18,2309,SAOLA,5,22.0,113.4,970,70,9,40,40,9,90,90,0,2023-09-01 18:00:00,1693591200
443,2023,9,2,0,2309,SAOLA,4,21.7,112.7,980,60,9,40,40,9,90,90,0,2023-09-02 00:00:00,1693612800
444,2023,9,2,6,2309,SAOLA,4,21.7,111.9,990,50,0,0,0,4,60,40,0,2023-09-02 06:00:00,1693634400
445,2023,9,2,12,2309,SAOLA,3,21.7,111.1,996,35,0,0,0,4,60,40,0,2023-09-02 12:00:00,1693656000
446,2023,9,2,18,2309,SAOLA,2,21.6,110.5,998,0,0,0,0,0,0,0,0,2023-09-02 18:00:00,1693677600
447,2023,9,3,0,2309,SAOLA,2,21.4,109.7,1000,0,0,0,0,0,0,0,0,2023-09-03 00:00:00,1693699200
448,2023,9,3,6,2309,SAOLA,2,21.2,109.4,1000,0,0,0,0,0,0,0,0,2023-09-03 06:00:00,1693720800
449,2023,9,3,12,2309,SAOLA,2,20.9,109.3,1000,0,0,0,0,0,0,0,0,2023-09-03 12:00:00,1693742400
450,2023,8,23,18,2310,DAMREY,2,16.9,151.6,1002,0,0,0,0,0,0,0,0,2023-08-23 18:00:00,1692813600
451,2023,8,24,0,2310,DAMREY,2,17.1,152.0,1002,0,0,0,0,0,0,0,0,2023-08-24 00:00:00,1692835200
452,2023,8,24,6,2310,DAMREY,2,17.3,152.4,1000,0,0,0,0,0,0,0,0,2023-08-24 06:00:00,1692856800
453,2023,8,24,12,2310,DAMREY,2,17.6,153.1,1002,0,0,0,0,0,0,0,0,2023-08-24 12:00:00,1692878400
454,2023,8,24,18,2310,DAMREY,3,18.0,153.8,998,35,0,0,0,2,240,120,0,2023-08-24 18:00:00,1692900000
455,2023,8,25,0,2310,DAMREY,3,18.7,154.7,998,35,0,0,0,2,240,120,0,2023-08-25 00:00:00,1692921600
456,2023,8,25,6,2310,DAMREY,3,20.0,155.5,994,40,0,0,0,2,240,180,0,2023-08-25 06:00:00,1692943200
457,2023,8,25,12,2310,DAMREY,3,21.5,155.3,994,40,0,0,0,2,240,180,0,2023-08-25 12:00:00,1692964800
458,2023,8,25,18,2310,DAMREY,3,23.0,154.7,994,40,0,0,0,2,240,180,0,2023-08-25 18:00:00,1692986400
459,2023,8,26,0,2310,DAMREY,3,24.2,154.0,990,45,0,0,0,2,240,180,0,2023-08-26 00:00:00,1693008000
460,2023,8,26,6,2310,DAMREY,4,26.1,152.9,985,50,0,0,0,2,240,180,0,2023-08-26 06:00:00,1693029600
461,2023,8,26,12,2310,DAMREY,4,27.8,151.1,985,50,0,0,0,2,240,180,0,2023-08-26 12:00:00,1693051200
462,2023,8,26,18,2310,DAMREY,4,29.6,149.3,985,50,0,0,0,2,240,150,0,2023-08-26 18:00:00,1693072800
463,2023,8,27,0,2310,DAMREY,4,31.7,147.3,985,50,0,0,0,2,240,150,0,2023-08-27 00:00:00,1693094400
464,2023,8,27,6,2310,DAMREY,4,33.9,145.7,985,50,0,0,0,2,240,150,0,2023-08-27 06:00:00,1693116000
465,2023,8,27,12,2310,DAMREY,4,35.6,144.6,985,50,0,0,0,2,240,150,0,2023-08-27 12:00:00,1693137600
466,2023,8,27,18,2310,DAMREY,3,37.1,144.2,990,45,0,0,0,2,180,120,0,2023-08-27 18:00:00,1693159200
467,2023,8,28,0,2310,DAMREY,3,38.5,144.6,990,45,0,0,0,2,180,120,0,2023-08-28 00:00:00,1693180800
468,2023,8,28,6,2310,DAMREY,3,39.6,145.4,990,45,0,0,0,2,180,120,0,2023-08-28 06:00:00,1693202400
469,2023,8,28,12,2310,DAMREY,4,40.6,147.2,985,50,0,0,0,3,210,120,0,2023-08-28 12:00:00,1693224000
470,2023,8,28,18,2310,DAMREY,4,41.0,149.5,985,50,0,0,0,3,210,120,0,2023-08-28 18:00:00,1693245600
471,2023,8,29,0,2310,DAMREY,3,41.2,152.3,990,45,0,0,0,3,210,120,0,2023-08-29 00:00:00,1693267200
472,2023,8,29,6,2310,DAMREY,6,41.1,156.7,992,0,0,0,0,0,0,0,0,2023-08-29 06:00:00,1693288800
473,2023,8,29,12,2310,DAMREY,6,41.3,161.2,992,0,0,0,0,0,0,0,0,2023-08-29 12:00:00,1693310400
474,2023,8,29,18,2310,DAMREY,6,41.4,165.7,992,0,0,0,0,0,0,0,0,2023-08-29 18:00:00,1693332000
475,2023,8,30,0,2310,DAMREY,6,42.4,172.7,988,0,0,0,0,0,0,0,0,2023-08-30 00:00:00,1693353600
476,2023,8,30,6,2310,DAMREY,6,44.5,178.8,980,0,0,0,0,0,0,0,0,2023-08-30 06:00:00,1693375200
477,2023,8,30,12,2310,DAMREY,6,46.2,182.1,974,0,0,0,0,0,0,0,0,2023-08-30 12:00:00,1693396800
478,2023,8,27,6,2311,HAIKUI,2,18.3,144.3,998,0,0,0,0,0,0,0,0,2023-08-27 06:00:00,1693116000
479,2023,8,27,12,2311,HAIKUI,2,18.4,144.0,1000,0,0,0,0,0,0,0,0,2023-08-27 12:00:00,1693137600
480,2023,8,27,18,2311,HAIKUI,2,18.3,143.4,998,0,0,0,0,0,0,0,0,2023-08-27 18:00:00,1693159200
481,2023,8,28,0,2311,HAIKUI,2,18.6,142.4,998,0,0,0,0,0,0,0,0,2023-08-28 00:00:00,1693180800
482,2023,8,28,6,2311,HAIKUI,2,18.7,141.3,998,0,0,0,0,0,0,0,0,2023-08-28 06:00:00,1693202400
483,2023,8,28,12,2311,HAIKUI,2,18.7,140.4,998,0,0,0,0,0,0,0,0,2023-08-28 12:00:00,1693224000
484,2023,8,28,18,2311,HAIKUI,3,18.6,139.4,996,35,0,0,0,9,120,120,0,2023-08-28 18:00:00,1693245600
485,2023,8,29,0,2311,HAIKUI,3,18.9,138.0,994,40,0,0,0,9,120,120,0,2023-08-29 00:00:00,1693267200
486,2023,8,29,6,2311,HAIKUI,3,19.0,137.4,990,45,0,0,0,1,150,120,0,2023-08-29 06:00:00,1693288800
487,2023,8,29,12,2311,HAIKUI,3,19.1,136.7,990,45,0,0,0,1,150,120,0,2023-08-29 12:00:00,1693310400
488,2023,8,29,18,2311,HAIKUI,3,19.5,136.5,990,45,0,0,0,1,150,120,0,2023-08-29 18:00:00,1693332000
489,2023,8,30,0,2311,HAIKUI,3,20.1,136.2,990,45,0,0,0,1,150,120,0,2023-08-30 00:00:00,1693353600
490,2023,8,30,6,2311,HAIKUI,3,20.5,135.6,990,45,0,0,0,1,150,120,0,2023-08-30 06:00:00,1693375200
491,2023,8,30,12,2311,HAIKUI,3,21.1,135.1,990,45,0,0,0,1,150,120,0,2023-08-30 12:00:00,1693396800
492,2023,8,30,18,2311,HAIKUI,4,21.1,133.7,985,50,0,0,0,1,150,120,0,2023-08-30 18:00:00,1693418400
493,2023,8,31,0,2311,HAIKUI,4,21.1,133.0,980,55,9,50,50,1,180,120,0,2023-08-31 00:00:00,1693440000
494,2023,8,31,6,2311,HAIKUI,4,21.1,132.0,980,55,9,50,50,1,180,120,0,2023-08-31 06:00:00,1693461600
495,2023,8,31,12,2311,HAIKUI,4,21.2,131.1,980,55,9,50,50,1,180,120,0,2023-08-31 12:00:00,1693483200
496,2023,8,31,18,2311,HAIKUI,4,21.5,130.3,980,55,9,50,50,1,180,120,0,2023-08-31 18:00:00,1693504800
497,2023,9,1,0,2311,HAIKUI,4,22.0,129.4,975,60,9,60,60,1,180,120,0,2023-09-01 00:00:00,1693526400
498,2023,9,1,6,2311,HAIKUI,4,22.2,128.4,975,60,9,60,60,1,180,120,0,2023-09-01 06:00:00,1693548000
499,2023,9,1,12,2311,HAIKUI,5,21.9,127.6,970,65,9,60,60,1,180,120,0,2023-09-01 12:00:00,1693569600
500,2023,9,1,18,2311,HAIKUI,5,21.7,127.0,970,65,9,60,60,1,180,120,0,2023-09-01 18:00:00,1693591200
501,2023,9,2,0,2311,HAIKUI,5,22.1,126.3,965,70,9,60,60,1,180,120,0,2023-09-02 00:00:00,1693612800
502,2023,9,2,6,2311,HAIKUI,5,22.4,125.3,960,75,9,60,60,1,210,120,0,2023-09-02 06:00:00,1693634400
503,2023,9,2,12,2311,HAIKUI,5,22.7,124.3,960,75,4,80,70,1,210,120,0,2023-09-02 12:00:00,1693656000
504,2023,9,2,18,2311,HAIKUI,5,22.7,123.1,945,85,4,90,70,1,210,120,0,2023-09-02 18:00:00,1693677600
505,2023,9,3,0,2311,HAIKUI,5,22.6,122.6,950,80,4,90,70,1,210,120,0,2023-09-03 00:00:00,1693699200
506,2023,9,3,6,2311,HAIKUI,5,22.9,121.5,965,65,9,60,60,1,210,120,0,2023-09-03 06:00:00,1693720800
507,2023,9,3,12,2311,HAIKUI,4,22.8,120.1,975,55,9,30,30,1,210,120,0,2023-09-03 12:00:00,1693742400
508,2023,9,3,18,2311,HAIKUI,4,22.6,120.0,980,50,0,0,0,1,210,120,0,2023-09-03 18:00:00,1693764000
509,2023,9,4,0,2311,HAIKUI,3,23.1,119.8,985,45,0,0,0,1,210,120,0,2023-09-04 00:00:00,1693785600
510,2023,9,4,6,2311,HAIKUI,3,23.2,119.2,985,45,0,0,0,1,210,120,0,2023-09-04 06:00:00,1693807200
511,2023,9,4,12,2311,HAIKUI,3,23.9,118.6,992,40,0,0,0,1,210,120,0,2023-09-04 12:00:00,1693828800
512,2023,9,4,18,2311,HAIKUI,3,23.5,117.3,996,35,0,0,0,1,210,120,0,2023-09-04 18:00:00,1693850400
513,2023,9,5,0,2311,HAIKUI,2,23.4,116.8,1000,0,0,0,0,0,0,0,0,2023-09-05 00:00:00,1693872000
514,2023,9,5,6,2311,HAIKUI,2,23.5,116.5,1000,0,0,0,0,0,0,0,0,2023-09-05 06:00:00,1693893600
515,2023,9,5,12,2311,HAIKUI,2,23.5,116.1,1002,0,0,0,0,0,0,0,0,2023-09-05 12:00:00,1693915200
516,2023,9,5,18,2311,HAIKUI,2,23.3,115.5,1004,0,0,0,0,0,0,0,0,2023-09-05 18:00:00,1693936800
517,2023,9,6,0,2311,HAIKUI,2,23.2,115.1,1006,0,0,0,0,0,0,0,0,2023-09-06 00:00:00,1693958400
518,2023,8,29,18,2312,KIROGI,2,11.3,154.7,1004,0,0,0,0,0,0,0,0,2023-08-29 18:00:00,1693332000
519,2023,8,30,0,2312,KIROGI,2,12.2,154.5,1004,0,0,0,0,0,0,0,0,2023-08-30 00:00:00,1693353600
520,2023,8,30,6,2312,KIROGI,2,12.8,154.4,1002,0,0,0,0,0,0,0,0,2023-08-30 06:00:00,1693375200
521,2023,8,30,12,2312,KIROGI,3,13.3,154.3,1000,35,0,0,0,1,120,90,0,2023-08-30 12:00:00,1693396800
522,2023,8,30,18,2312,KIROGI,3,14.0,154.4,998,40,0,0,0,1,120,90,0,2023-08-30 18:00:00,1693418400
523,2023,8,31,0,2312,KIROGI,3,15.1,154.5,998,40,0,0,0,1,150,90,0,2023-08-31 00:00:00,1693440000
524,2023,8,31,6,2312,KIROGI,3,16.7,154.2,994,45,0,0,0,1,150,90,0,2023-08-31 06:00:00,1693461600
525,2023,8,31,12,2312,KIROGI,3,18.0,153.9,994,45,0,0,0,1,180,120,0,2023-08-31 12:00:00,1693483200
526,2023,8,31,18,2312,KIROGI,3,19.0,152.9,994,45,0,0,0,1,180,120,0,2023-08-31 18:00:00,1693504800
527,2023,9,1,0,2312,KIROGI,3,20.4,151.9,994,45,0,0,0,1,180,120,0,2023-09-01 00:00:00,1693526400
528,2023,9,1,6,2312,KIROGI,3,22.0,150.8,998,40,0,0,0,1,210,90,0,2023-09-01 06:00:00,1693548000
529,2023,9,1,12,2312,KIROGI,3,23.4,149.4,998,40,0,0,0,1,210,90,0,2023-09-01 12:00:00,1693569600
530,2023,9,1,18,2312,KIROGI,3,24.4,148.5,998,40,0,0,0,1,210,90,0,2023-09-01 18:00:00,1693591200
531,2023,9,2,0,2312,KIROGI,3,25.4,147.7,1000,35,0,0,0,1,210,90,0,2023-09-02 00:00:00,1693612800
532,2023,9,2,6,2312,KIROGI,3,27.1,146.3,1000,35,0,0,0,1,180,90,0,2023-09-02 06:00:00,1693634400
533,2023,9,2,12,2312,KIROGI,3,28.6,144.9,1000,35,0,0,0,1,180,90,0,2023-09-02 12:00:00,1693656000
534,2023,9,2,18,2312,KIROGI,3,29.1,143.0,1000,35,0,0,0,1,180,90,0,2023-09-02 18:00:00,1693677600
535,2023,9,3,0,2312,KIROGI,2,29.5,142.0,1002,0,0,0,0,0,0,0,0,2023-09-03 00:00:00,1693699200
536,2023,9,3,6,2312,KIROGI,2,30.2,140.7,1002,0,0,0,0,0,0,0,0,2023-09-03 06:00:00,1693720800
537,2023,9,3,12,2312,KIROGI,2,30.5,139.7,1002,0,0,0,0,0,0,0,0,2023-09-03 12:00:00,1693742400
538,2023,9,3,18,2312,KIROGI,2,31.2,138.2,1002,0,0,0,0,0,0,0,0,2023-09-03 18:00:00,1693764000
539,2023,9,4,0,2312,KIROGI,2,31.8,137.1,1002,0,0,0,0,0,0,0,0,2023-09-04 00:00:00,1693785600
540,2023,9,4,6,2312,KIROGI,2,31.8,135.7,1002,0,0,0,0,0,0,0,0,2023-09-04 06:00:00,1693807200
541,2023,9,4,12,2312,KIROGI,2,31.6,134.5,1004,0,0,0,0,0,0,0,0,2023-09-04 12:00:00,1693828800
542,2023,9,4,18,2312,KIROGI,2,31.5,133.3,1004,0,0,0,0,0,0,0,0,2023-09-04 18:00:00,1693850400
543,2023,9,5,0,2312,KIROGI,2,31.1,131.8,1004,0,0,0,0,0,0,0,0,2023-09-05 00:00:00,1693872000
544,2023,9,5,6,2312,KIROGI,2,31.0,132.0,1004,0,0,0,0,0,0,0,0,2023-09-05 06:00:00,1693893600
545,2023,9,5,12,2312,KIROGI,2,31.2,132.4,1004,0,0,0,0,0,0,0,0,2023-09-05 12:00:00,1693915200
546,2023,9,5,18,2312,KIROGI,2,31.8,132.7,1004,0,0,0,0,0,0,0,0,2023-09-05 18:00:00,1693936800
547,2023,9,6,0,2312,KIROGI,2,32.1,133.3,1004,0,0,0,0,0,0,0,0,2023-09-06 00:00:00,1693958400
548,2023,9,6,6,2312,KIROGI,2,32.1,134.0,1002,0,0,0,0,0,0,0,0,2023-09-06 06:00:00,1693980000
549,2023,9,6,12,2312,KIROGI,2,32.1,134.6,1004,0,0,0,0,0,0,0,0,2023-09-06 12:00:00,1694001600
550,2023,9,4,6,2313,YUN-YEUNG,2,20.0,129.4,1002,0,0,0,0,0,0,0,0,2023-09-04 06:00:00,1693807200
551,2023,9,4,12,2313,YUN-YEUNG,2,20.5,130.3,1002,0,0,0,0,0,0,0,0,2023-09-04 12:00:00,1693828800
552,2023,9,4,18,2313,YUN-YEUNG,2,20.9,130.7,1002,0,0,0,0,0,0,0,0,2023-09-04 18:00:00,1693850400
553,2023,9,5,0,2313,YUN-YEUNG,2,21.3,131.0,1004,0,0,0,0,0,0,0,0,2023-09-05 00:00:00,1693872000
554,2023,9,5,6,2313,YUN-YEUNG,2,21.9,131.5,1002,0,0,0,0,0,0,0,0,2023-09-05 06:00:00,1693893600
555,2023,9,5,12,2313,YUN-YEUNG,3,22.7,131.9,1000,35,0,0,0,3,150,90,0,2023-09-05 12:00:00,1693915200
556,2023,9,5,18,2313,YUN-YEUNG,3,24.1,132.5,1000,35,0,0,0,3,150,90,0,2023-09-05 18:00:00,1693936800
557,2023,9,6,0,2313,YUN-YEUNG,3,25.6,133.1,1000,35,0,0,0,3,150,90,0,2023-09-06 00:00:00,1693958400
558,2023,9,6,6,2313,YUN-YEUNG,3,26.6,134.2,998,40,0,0,0,3,120,90,0,2023-09-06 06:00:00,1693980000
559,2023,9,6,12,2313,YUN-YEUNG,3,27.4,134.8,998,40,0,0,0,3,120,90,0,2023-09-06 12:00:00,1694001600
560,2023,9,6,18,2313,YUN-YEUNG,3,28.5,135.6,998,40,0,0,0,3,150,90,0,2023-09-06 18:00:00,1694023200
561,2023,9,7,0,2313,YUN-YEUNG,3,29.7,136.5,998,40,0,0,0,3,150,90,0,2023-09-07 00:00:00,1694044800
562,2023,9,7,6,2313,YUN-YEUNG,3,30.9,137.0,998,40,0,0,0,2,150,120,0,2023-09-07 06:00:00,1694066400
563,2023,9,7,12,2313,YUN-YEUNG,3,31.7,137.0,998,40,0,0,0,1,180,120,0,2023-09-07 12:00:00,1694088000
564,2023,9,7,18,2313,YUN-YEUNG,3,32.6,137.0,998,40,0,0,0,1,180,120,0,2023-09-07 18:00:00,1694109600
565,2023,9,8,0,2313,YUN-YEUNG,3,32.7,137.1,998,40,0,0,0,1,180,120,0,2023-09-08 00:00:00,1694131200
566,2023,9,8,6,2313,YUN-YEUNG,3,32.6,137.4,1000,35,0,0,0,1,180,120,0,2023-09-08 06:00:00,1694152800
567,2023,9,8,12,2313,YUN-YEUNG,2,33.6,138.0,1004,0,0,0,0,0,0,0,0,2023-09-08 12:00:00,1694174400
568,2023,9,8,18,2313,YUN-YEUNG,2,34.2,138.2,1006,0,0,0,0,0,0,0,0,2023-09-08 18:00:00,1694196000
569,2023,9,28,12,2314,KOINU,2,15.8,139.0,1004,0,0,0,0,0,0,0,0,2023-09-28 12:00:00,1695902400
570,2023,9,28,18,2314,KOINU,2,15.6,137.5,1004,0,0,0,0,0,0,0,0,2023-09-28 18:00:00,1695924000
571,2023,9,29,0,2314,KOINU,2,15.3,135.8,1004,0,0,0,0,0,0,0,0,2023-09-29 00:00:00,1695945600
572,2023,9,29,6,2314,KOINU,2,15.2,135.1,1002,0,0,0,0,0,0,0,0,2023-09-29 06:00:00,1695967200
573,2023,9,29,12,2314,KOINU,2,15.6,134.2,1004,0,0,0,0,0,0,0,0,2023-09-29 12:00:00,1695988800
574,2023,9,29,18,2314,KOINU,3,15.5,132.3,1000,35,0,0,0,5,180,120,0,2023-09-29 18:00:00,1696010400
575,2023,9,30,0,2314,KOINU,3,15.3,131.8,1000,35,0,0,0,5,180,120,0,2023-09-30 00:00:00,1696032000
576,2023,9,30,6,2314,KOINU,3,16.1,131.4,998,35,0,0,0,5,180,120,0,2023-09-30 06:00:00,1696053600
577,2023,9,30,12,2314,KOINU,3,16.5,130.6,996,40,0,0,0,5,180,120,0,2023-09-30 12:00:00,1696075200
578,2023,9,30,18,2314,KOINU,3,17.0,130.2,992,45,0,0,0,4,270,120,0,2023-09-30 18:00:00,1696096800
579,2023,10,1,0,2314,KOINU,4,17.4,129.5,990,50,0,0,0,4,270,120,0,2023-10-01 00:00:00,1696118400
580,2023,10,1,6,2314,KOINU,4,17.9,128.8,990,50,0,0,0,3,300,210,0,2023-10-01 06:00:00,1696140000
581,2023,10,1,12,2314,KOINU,4,18.3,128.4,985,55,9,50,50,3,300,210,0,2023-10-01 12:00:00,1696161600
582,2023,10,1,18,2314,KOINU,5,18.7,128.0,975,65,9,50,50,3,300,210,0,2023-10-01 18:00:00,1696183200
583,2023,10,2,0,2314,KOINU,5,19.2,127.3,965,75,9,60,60,3,300,210,0,2023-10-02 00:00:00,1696204800
584,2023,10,2,6,2314,KOINU,5,19.7,126.6,955,80,9,60,60,3,300,240,0,2023-10-02 06:00:00,1696226400
585,2023,10,2,12,2314,KOINU,5,20.0,126.2,950,85,9,80,80,9,300,300,0,2023-10-02 12:00:00,1696248000
586,2023,10,2,18,2314,KOINU,5,20.2,125.5,940,90,9,90,90,9,300,300,0,2023-10-02 18:00:00,1696269600
587,2023,10,3,0,2314,KOINU,5,20.5,125.1,940,90,9,90,90,9,300,300,0,2023-10-03 00:00:00,1696291200
588,2023,10,3,6,2314,KOINU,5,21.2,124.9,940,90,9,90,90,9,300,300,0,2023-10-03 06:00:00,1696312800
589,2023,10,3,12,2314,KOINU,5,21.7,124.7,940,90,9,90,90,9,300,300,0,2023-10-03 12:00:00,1696334400
590,2023,10,3,18,2314,KOINU,5,22.1,124.0,950,85,9,90,90,7,300,240,0,2023-10-03 18:00:00,1696356000
591,2023,10,4,0,2314,KOINU,5,22.2,123.5,950,85,9,90,90,7,300,240,0,2023-10-04 00:00:00,1696377600
592,2023,10,4,6,2314,KOINU,5,22.2,122.7,940,90,9,90,90,7,300,240,0,2023-10-04 06:00:00,1696399200
593,2023,10,4,12,2314,KOINU,5,22.0,122.0,940,90,9,90,90,8,350,180,0,2023-10-04 12:00:00,1696420800
594,2023,10,4,18,2314,KOINU,5,22.0,121.2,940,90,9,90,90,8,350,180,0,2023-10-04 18:00:00,1696442400
595,2023,10,5,0,2314,KOINU,5,22.0,120.8,960,80,8,180,90,8,350,180,0,2023-10-05 00:00:00,1696464000
596,2023,10,5,6,2314,KOINU,5,22.0,120.0,975,70,8,180,60,1,350,150,0,2023-10-05 06:00:00,1696485600
597,2023,10,5,12,2314,KOINU,5,22.0,119.1,975,70,8,180,60,1,350,150,0,2023-10-05 12:00:00,1696507200
598,2023,10,5,18,2314,KOINU,5,21.9,118.3,980,65,9,60,60,9,150,150,0,2023-10-05 18:00:00,1696528800
599,2023,10,6,0,2314,KOINU,5,21.8,117.7,970,75,9,60,60,9,150,150,0,2023-10-06 00:00:00,1696550400
600,2023,10,6,6,2314,KOINU,5,21.7,116.9,960,80,9,60,60,9,120,120,0,2023-10-06 06:00:00,1696572000
601,2023,10,6,12,2314,KOINU,5,21.5,116.3,960,80,9,45,45,2,120,90,0,2023-10-06 12:00:00,1696593600
602,2023,10,6,18,2314,KOINU,5,21.2,115.7,955,85,9,45,45,2,180,90,0,2023-10-06 18:00:00,1696615200
603,2023,10,7,0,2314,KOINU,5,21.2,115.4,955,85,9,45,45,2,210,120,0,2023-10-07 00:00:00,1696636800
604,2023,10,7,6,2314,KOINU,5,21.2,115.2,955,85,9,45,45,2,210,120,0,2023-10-07 06:00:00,1696658400
605,2023,10,7,12,2314,KOINU,5,21.3,115.1,960,80,9,45,45,9,120,120,0,2023-10-07 12:00:00,1696680000
606,2023,10,7,18,2314,KOINU,5,21.4,114.9,970,75,9,45,45,9,120,120,0,2023-10-07 18:00:00,1696701600
607,2023,10,8,0,2314,KOINU,5,21.5,114.6,975,70,9,45,45,9,120,120,0,2023-10-08 00:00:00,1696723200
608,2023,10,8,6,2314,KOINU,5,21.6,114.3,975,70,9,30,30,4,120,90,0,2023-10-08 06:00:00,1696744800
609,2023,10,8,12,2314,KOINU,5,21.7,114.0,980,65,9,30,30,4,120,90,0,2023-10-08 12:00:00,1696766400
610,2023,10,8,18,2314,KOINU,4,21.8,113.7,992,55,9,20,20,9,60,60,0,2023-10-08 18:00:00,1696788000
611,2023,10,9,0,2314,KOINU,3,21.7,113.3,998,45,0,0,0,9,60,60,0,2023-10-09 00:00:00,1696809600
612,2023,10,9,6,2314,KOINU,2,21.4,112.8,1010,0,0,0,0,0,0,0,0,2023-10-09 06:00:00,1696831200
613,2023,10,9,12,2314,KOINU,2,21.2,112.6,1012,0,0,0,0,0,0,0,0,2023-10-09 12:00:00,1696852800
614,2023,10,9,18,2314,KOINU,2,20.9,112.4,1012,0,0,0,0,0,0,0,0,2023-10-09 18:00:00,1696874400
615,2023,10,6,6,2315,BOLAVEN,2,9.4,155.3,1006,0,0,0,0,0,0,0,0,2023-10-06 06:00:00,1696572000
616,2023,10,6,12,2315,BOLAVEN,2,9.7,155.0,1006,0,0,0,0,0,0,0,0,2023-10-06 12:00:00,1696593600
617,2023,10,6,18,2315,BOLAVEN,2,9.8,154.8,1004,0,0,0,0,0,0,0,0,2023-10-06 18:00:00,1696615200
618,2023,10,7,0,2315,BOLAVEN,2,9.9,154.5,1004,0,0,0,0,0,0,0,0,2023-10-07 00:00:00,1696636800
619,2023,10,7,6,2315,BOLAVEN,2,9.9,154.1,1002,0,0,0,0,0,0,0,0,2023-10-07 06:00:00,1696658400
620,2023,10,7,12,2315,BOLAVEN,3,9.9,153.7,1000,35,0,0,0,8,120,90,0,2023-10-07 12:00:00,1696680000
621,2023,10,7,18,2315,BOLAVEN,3,9.9,153.3,1000,35,0,0,0,8,120,90,0,2023-10-07 18:00:00,1696701600
622,2023,10,8,0,2315,BOLAVEN,3,9.8,152.8,1000,35,0,0,0,9,120,120,0,2023-10-08 00:00:00,1696723200
623,2023,10,8,6,2315,BOLAVEN,3,9.8,152.3,998,40,0,0,0,9,120,120,0,2023-10-08 06:00:00,1696744800
624,2023,10,8,12,2315,BOLAVEN,3,9.9,151.6,996,45,0,0,0,9,200,200,0,2023-10-08 12:00:00,1696766400
625,2023,10,8,18,2315,BOLAVEN,4,10.1,150.8,992,50,0,0,0,9,240,240,0,2023-10-08 18:00:00,1696788000
626,2023,10,9,0,2315,BOLAVEN,4,10.5,150.1,990,55,9,20,20,9,270,270,0,2023-10-09 00:00:00,1696809600
627,2023,10,9,6,2315,BOLAVEN,4,11.1,149.3,990,55,9,20,20,9,270,270,0,2023-10-09 06:00:00,1696831200
628,2023,10,9,12,2315,BOLAVEN,4,11.7,148.6,990,55,9,20,20,9,270,270,0,2023-10-09 12:00:00,1696852800
629,2023,10,9,18,2315,BOLAVEN,4,12.7,147.7,985,60,9,25,25,2,270,240,0,2023-10-09 18:00:00,1696874400
630,2023,10,10,0,2315,BOLAVEN,5,13.7,146.6,980,65,9,25,25,2,300,210,0,2023-10-10 00:00:00,1696896000
631,2023,10,10,6,2315,BOLAVEN,5,14.4,145.7,975,70,9,30,30,2,300,210,0,2023-10-10 06:00:00,1696917600
632,2023,10,10,12,2315,BOLAVEN,5,15.1,144.9,970,75,9,30,30,2,300,210,0,2023-10-10 12:00:00,1696939200
633,2023,10,10,18,2315,BOLAVEN,5,16.0,144.5,955,85,9,40,40,2,300,210,0,2023-10-10 18:00:00,1696960800
634,2023,10,11,0,2315,BOLAVEN,5,17.1,144.0,935,100,9,55,55,2,300,210,0,2023-10-11 00:00:00,1696982400
635,2023,10,11,6,2315,BOLAVEN,5,18.2,143.4,910,110,9,60,60,2,300,210,0,2023-10-11 06:00:00,1697004000
636,2023,10,11,12,2315,BOLAVEN,5,18.9,143.0,905,115,9,65,65,2,300,210,0,2023-10-11 12:00:00,1697025600
637,2023,10,11,18,2315,BOLAVEN,5,19.7,142.8,905,115,9,65,65,2,300,210,0,2023-10-11 18:00:00,1697047200
638,2023,10,12,0,2315,BOLAVEN,5,20.6,142.9,905,115,9,65,65,3,300,240,0,2023-10-12 00:00:00,1697068800
639,2023,10,12,6,2315,BOLAVEN,5,21.8,143.4,905,115,9,75,75,3,300,240,0,2023-10-12 06:00:00,1697090400
640,2023,10,12,12,2315,BOLAVEN,5,22.7,144.3,905,115,9,110,110,3,300,240,0,2023-10-12 12:00:00,1697112000
641,2023,10,12,18,2315,BOLAVEN,5,24.0,145.4,920,105,9,110,110,3,350,240,0,2023-10-12 18:00:00,1697133600
642,2023,10,13,0,2315,BOLAVEN,5,25.5,146.9,925,100,3,140,110,3,350,240,0,2023-10-13 00:00:00,1697155200
643,2023,10,13,6,2315,BOLAVEN,5,27.2,148.7,935,95,3,140,110,3,400,240,0,2023-10-13 06:00:00,1697176800
644,2023,10,13,12,2315,BOLAVEN,5,29.2,151.0,935,90,3,140,110,3,400,240,0,2023-10-13 12:00:00,1697198400
645,2023,10,13,18,2315,BOLAVEN,5,31.3,153.5,945,85,3,140,110,3,400,240,0,2023-10-13 18:00:00,1697220000
646,2023,10,14,0,2315,BOLAVEN,5,34.1,156.6,950,80,3,180,120,3,400,240,0,2023-10-14 00:00:00,1697241600
647,2023,10,14,6,2315,BOLAVEN,5,37.1,160.2,950,75,2,200,120,3,400,300,0,2023-10-14 06:00:00,1697263200
648,2023,10,14,12,2315,BOLAVEN,6,40.2,164.6,950,0,0,0,0,0,0,0,0,2023-10-14 12:00:00,1697284800
649,2023,10,14,18,2315,BOLAVEN,6,42.9,168.0,950,0,0,0,0,0,0,0,0,2023-10-14 18:00:00,1697306400
650,2023,10,15,0,2315,BOLAVEN,6,44.3,170.8,952,0,0,0,0,0,0,0,0,2023-10-15 00:00:00,1697328000
651,2023,10,15,6,2315,BOLAVEN,6,44.7,174.9,954,0,0,0,0,0,0,0,0,2023-10-15 06:00:00,1697349600
652,2023,10,15,12,2315,BOLAVEN,6,45.1,179.2,956,0,0,0,0,0,0,0,0,2023-10-15 12:00:00,1697371200
653,2023,10,15,18,2315,BOLAVEN,6,45.3,183.4,956,0,0,0,0,0,0,0,0,2023-10-15 18:00:00,1697392800
654,2023,10,17,6,2316,SANBA,2,15.9,110.2,1006,0,0,0,0,0,0,0,0,2023-10-17 06:00:00,1697522400
655,2023,10,17,12,2316,SANBA,2,16.1,110.0,1006,0,0,0,0,0,0,0,0,2023-10-17 12:00:00,1697544000
656,2023,10,17,18,2316,SANBA,2,16.5,109.7,1006,0,0,0,0,0,0,0,0,2023-10-17 18:00:00,1697565600
657,2023,10,18,0,2316,SANBA,3,17.1,109.3,1002,35,0,0,0,1,180,120,0,2023-10-18 00:00:00,1697587200
658,2023,10,18,6,2316,SANBA,3,17.6,108.7,1002,35,0,0,0,1,180,120,0,2023-10-18 06:00:00,1697608800
659,2023,10,18,12,2316,SANBA,3,18.3,108.3,1002,35,0,0,0,1,180,120,0,2023-10-18 12:00:00,1697630400
660,2023,10,18,18,2316,SANBA,3,18.7,108.4,1002,35,0,0,0,2,210,120,0,2023-10-18 18:00:00,1697652000
661,2023,10,19,0,2316,SANBA,3,19.4,108.7,1002,35,0,0,0,2,210,120,0,2023-10-19 00:00:00,1697673600
662,2023,10,19,6,2316,SANBA,3,20.0,109.0,1002,35,0,0,0,2,180,120,0,2023-10-19 06:00:00,1697695200
663,2023,10,19,12,2316,SANBA,3,21.0,109.4,1000,40,0,0,0,9,150,150,0,2023-10-19 12:00:00,1697716800
664,2023,10,19,18,2316,SANBA,3,21.4,109.5,1002,35,0,0,0,9,150,150,0,2023-10-19 18:00:00,1697738400
665,2023,10,20,0,2316,SANBA,2,21.4,109.8,1008,0,0,0,0,0,0,0,0,2023-10-20 00:00:00,1697760000
666,2023,10,20,6,2316,SANBA,2,20.9,109.7,1008,0,0,0,0,0,0,0,0,2023-10-20 06:00:00,1697781600
667,2023,12,15,12,2317,JELAWAT,2,6.7,138.2,1006,0,0,0,0,0,0,0,0,2023-12-15 12:00:00,1702641600
668,2023,12,15,18,2317,JELAWAT,2,6.9,136.0,1004,0,0,0,0,0,0,0,0,2023-12-15 18:00:00,1702663200
669,2023,12,16,0,2317,JELAWAT,2,6.9,134.8,1006,0,0,0,0,0,0,0,0,2023-12-16 00:00:00,1702684800
670,2023,12,16,6,2317,JELAWAT,2,6.9,133.3,1004,0,0,0,0,0,0,0,0,2023-12-16 06:00:00,1702706400
671,2023,12,16,12,2317,JELAWAT,2,7.0,131.9,1006,0,0,0,0,0,0,0,0,2023-12-16 12:00:00,1702728000
672,2023,12,16,18,2317,JELAWAT,2,6.9,131.1,1004,0,0,0,0,0,0,0,0,2023-12-16 18:00:00,1702749600
673,2023,12,17,0,2317,JELAWAT,2,6.9,130.3,1006,0,0,0,0,0,0,0,0,2023-12-17 00:00:00,1702771200
674,2023,12,17,6,2317,JELAWAT,3,7.5,129.6,1002,35,0,0,0,7,210,120,0,2023-12-17 06:00:00,1702792800
675,2023,12,17,12,2317,JELAWAT,3,7.4,128.5,1002,35,0,0,0,8,180,60,0,2023-12-17 12:00:00,1702814400
676,2023,12,17,18,2317,JELAWAT,3,7.4,127.4,1002,35,0,0,0,8,180,60,0,2023-12-17 18:00:00,1702836000
677,2023,12,18,0,2317,JELAWAT,2,7.4,126.3,1008,0,0,0,0,0,0,0,0,2023-12-18 00:00:00,1702857600
678,2023,12,18,6,2317,JELAWAT,2,7.3,123.9,1006,0,0,0,0,0,0,0,0,2023-12-18 06:00:00,1702879200
